<?xml version="1.0" encoding="UTF-8"?>
<!DOCTYPE logback>

<configuration>

	<include resource="org/springframework/boot/logging/logback/base.xml"/>

	<!-- ログファイル名 -->
	<property name="logname" value="demo.log"/>

	<!-- ログ出力先パス -->
	<property name="logpath" value="F:/logs/demo/" />
	<!-- ログレベル:root -->
	<property name="LOG_LEVEL" value="INFO" />
	<!-- ログレベル:WEB -->
	<property name="WEB_LOG_LEVEL" value="INFO" />
	 <!--log4jdbc-log4j2 -->
     <logger name="jdbc.sqltiming" level="INFO" />
     <logger name="jdbc.resultsettable" level="INFO" />
     <logger name="jdbc.connection" level="WARN" />

	<!--共通log4jdbc-log4j2 -->
    <logger name="jdbc" level="OFF" />
    <logger name="jdbc.sqlonly" level="OFF" />
    <logger name="jdbc.resultset" level="OFF" />
    <logger name="jdbc.audit" level="OFF" />

    <!-- コンソール出力定義 -->
    <appender name="STDOUT" class="ch.qos.logback.core.ConsoleAppender">
		<target>System.out</target>
		<encoder>
			<pattern>%d{yyyy/MM/dd HH:mm:ss.SSS} %-5level - %m%n</pattern>
		</encoder>
	</appender>

	<!-- 出力ルール：WEB -->
	<appender name="FILE_WEB"
        class="ch.qos.logback.core.rolling.RollingFileAppender">
		<file>${logpath}${logname}</file>
		<rollingPolicy class="ch.qos.logback.core.rolling.TimeBasedRollingPolicy">
			<fileNamePattern>${logpath}%d{yyyyMM,aux}/${logname}-%d{yyyy-MM-dd}.log.zip</fileNamePattern>
			<maxHistory>180</maxHistory>
		</rollingPolicy>

		<encoder>
			<charset>UTF-8</charset>
			<pattern>%d{yyyy/MM/dd HH:mm:ss.SSS} %-5level - %m%n</pattern>
		</encoder>
	</appender>

	<logger name="com.tnagata.demo" level="${WEB_LOG_LEVEL}">
		<appender-ref ref="STDOUT"/>
		<appender-ref ref="FILE_WEB"/>
	</logger>

	<!--rootログレベルと使用出力ルール -->
    <root level="${LOG_LEVEL}">
        <appender-ref ref="STDOUT" />
        <appender-ref ref="FILE_WEB" />
    </root>

</configuration>